ipAddress,isPublic,ipVersion,isWhitelisted,abuseConfidenceScore,countryCode,usageType,isp,domain,countryName,totalReports,lastReportedAt
118.25.6.39,True,4,False,100,CN,Data Center/Web Hosting/Transit,Tencent Cloud Computing (Beijing) Co. Ltd,tencent.com,China,6,2019-05-06T13:12:00+01:00
reportedAt,comment,categories,reporterId,reporterCountryCode,reporterCountryName
2019-05-06T13:12:00+01:00,"Mar  1 08:56:07 dillonfme sshd\[14557\]: Invalid user lab from 118.25.6.39 port 60110
Mar  1 08:56:07 dillonfme sshd\[14557\]: pam_unix\(sshd:auth\): authentication failure\; logname= uid=0 euid=0 tty=ssh ruser= rhost=118.25.6.39
Mar  1 08:56:09 dillonfme sshd\[14557\]: Failed password for invalid user lab from 118.25.6.39 port 60110 ssh2
Mar  1 09:02:13 dillonfme sshd\[15213\]: Invalid user spania from 118.25.6.39 port 43286
Mar  1 09:02:13 dillonfme sshd\[15213\]: pam_unix\(sshd:auth\): authentication failure\; logname= uid=0 euid=0 tty=ssh ruser= rhost=118.25.6.39
...","[18, 22]",26907,GB,United Kingdom
2019-05-04T16:11:23+01:00,IP involved in SSH attach,"[18, 22]",21245,IN,India
2019-05-03T20:31:32+01:00,,[4],16287,US,United States
2019-05-01T04:04:33+01:00,SSH login attempts with user root.,"[18, 22]",25901,US,United States
2019-04-30T04:19:14+01:00,$f2bV_matches,"[18, 22]",16678,DK,Denmark
2019-04-27T22:22:16+01:00,"Jan  3 23:43:29 motanud sshd\[1289\]: Invalid user abhinav from 118.25.6.39 port 43380
Jan  3 23:43:29 motanud sshd\[1289\]: pam_unix\(sshd:auth\): authentication failure\; logname= uid=0 euid=0 tty=ssh ruser= rhost=118.25.6.39
Jan  3 23:43:31 motanud sshd\[1289\]: Failed password for invalid user abhinav from 118.25.6.39 port 43380 ssh2","[18, 22]",25353,RO,Romania

ipAddress,isPublic,ipVersion,isWhitelisted,abuseConfidenceScore,countryCode,usageType,isp,domain,countryName,totalReports,lastReportedAt
5.188.10.179,True,4,False,0,BG,Data Center/Web Hosting/Transit,Petersburg Internet Network Ltd.,pinspb.ru,Bulgaria,0,

ipAddress,isPublic,ipVersion,isWhitelisted,abuseConfidenceScore,countryCode,usageType,isp,domain,countryName,totalReports,lastReportedAt
185.222.209.14,True,4,False,1,,Data Center/Web Hosting/Transit,Cloud Core LP,cloud-core.org,,0,

ipAddress,isPublic,ipVersion,isWhitelisted,abuseConfidenceScore,countryCode,usageType,isp,domain,countryName,totalReports,lastReportedAt
191.96.249.183,True,4,False,0,NL,Data Center/Web Hosting/Transit,DMZHost Limited,dmzhost.co,Netherlands,0,

